{"cameraMode":{"drawMode":0,"name":"Shaded","section":"Shading Mode"},"sceneLighting":false,"audioPlay":false,"sceneViewState":{"m_AlwaysRefresh":false,"showFog":true,"showSkybox":false,"showFlares":true,"showImageEffects":true,"showParticleSystems":true,"showVisualEffectGraphs":true,"m_FxEnabled":true},"in2DMode":false,"pivot":{"x":1.4235315322875977,"y":0.17160452902317048,"z":-2.0004076957702638},"rotation":{"x":0.0019204200943931938,"y":0.976870596408844,"z":-0.00879234541207552,"w":0.21371446549892426},"size":2.700620651245117,"orthographic":false}