{"cameraMode":{"drawMode":0,"name":"Shaded","section":"Shading Mode"},"sceneLighting":true,"audioPlay":false,"sceneViewState":{"m_AlwaysRefresh":false,"showFog":true,"showSkybox":true,"showFlares":true,"showImageEffects":true,"showParticleSystems":true,"showVisualEffectGraphs":true,"m_FxEnabled":true},"in2DMode":false,"pivot":{"x":1179.0220947265625,"y":577.9832153320313,"z":317.5498352050781},"rotation":{"x":-0.06894131004810333,"y":0.014957794919610024,"z":-0.0010761638404801489,"w":-0.9975538849830627},"size":838.00146484375,"orthographic":false}