{"cameraMode":{"drawMode":0,"name":"Shaded","section":"Shading Mode"},"sceneLighting":false,"audioPlay":false,"sceneViewState":{"m_AlwaysRefresh":false,"showFog":true,"showSkybox":false,"showFlares":true,"showImageEffects":true,"showParticleSystems":true,"showVisualEffectGraphs":true,"m_FxEnabled":true},"in2DMode":false,"pivot":{"x":508.25762939453127,"y":54.03853225708008,"z":571.7520751953125},"rotation":{"x":-0.08385118842124939,"y":0.035550255328416827,"z":-0.00296056573279202,"w":-0.9958652853965759},"size":2.021406650543213,"orthographic":false}