{"cameraMode":{"drawMode":0,"name":"Shaded","section":"Shading Mode"},"sceneLighting":false,"audioPlay":false,"sceneViewState":{"m_AlwaysRefresh":false,"showFog":true,"showSkybox":false,"showFlares":true,"showImageEffects":true,"showParticleSystems":true,"showVisualEffectGraphs":true,"m_FxEnabled":true},"in2DMode":false,"pivot":{"x":0.10769367218017578,"y":-0.0204315185546875,"z":0.5965170860290527},"rotation":{"x":-0.17393191158771516,"y":-0.15325681865215302,"z":0.027432896196842195,"w":-0.9723995327949524},"size":12.12435531616211,"orthographic":false}