{"cameraMode":{"drawMode":0,"name":"Shaded","section":"Shading Mode"},"sceneLighting":false,"audioPlay":false,"sceneViewState":{"m_AlwaysRefresh":false,"showFog":true,"showSkybox":false,"showFlares":true,"showImageEffects":true,"showParticleSystems":true,"showVisualEffectGraphs":true,"m_FxEnabled":true},"in2DMode":false,"pivot":{"x":1151.3143310546875,"y":382.7828369140625,"z":151.1999969482422},"rotation":{"x":-0.02845488302409649,"y":0.05486784875392914,"z":0.0015490977093577386,"w":0.9981074333190918},"size":768.1054077148438,"orthographic":false}